<application>
  <component name="AppStorage">
    <option name="newTranslationDialogWidth" value="594" />
    <option name="newTranslationDialogX" value="815" />
    <option name="newTranslationDialogY" value="451" />
    <option name="pinNewTranslationDialog" value="true" />
    <histories>
      <item value="latch" />
      <item value="Count Down Latch" />
      <item value="repurchase Rate" />
      <item value="inventory" />
      <item value="Organ Service" />
      <item value="connection Properties" />
      <item value="filters" />
      <item value="max Pool Prepared Statement Per Connection Size" />
      <item value="pool Prepared Statements" />
      <item value="test On Return" />
      <item value="test On Borrow" />
      <item value="test While Idle" />
      <item value="validation Query" />
      <item value="time Between Eviction Runs Millis" />
      <item value="Eviction" />
      <item value="seconds" />
      <item value="second" />
      <item value="sec" />
      <item value="s" />
      <item value="Command Line Runner" />
      <item value="Interface used to indicate that a bean should &lt;em&gt;run&lt;em&gt; when it is contained within a {@link SpringApplication}. Multiple {@link CommandLineRunner} beans can be defined within the same application context and can be ordered using the {@link Ordered} interface or {@link Order @Order} annotation. &lt;p&gt; If you need access to {@link ApplicationArguments} instead of the raw String array consider using {@link ApplicationRunner}." />
      <item value="set Interface Id" />
      <item value="future" />
      <item value="registry Config" />
    </histories>
    <option name="languageScores">
      <map>
        <entry key="CHINESE" value="23" />
        <entry key="ENGLISH" value="24" />
      </map>
    </option>
  </component>
  <component name="Cache">
    <option name="lastTrimTime" value="1627890355391" />
  </component>
  <component name="Settings">
    <option name="googleTranslateSettings">
      <google-translate>
        <option name="useTranslateGoogleCom" value="true" />
      </google-translate>
    </option>
  </component>
</application>